instancesSurcharges/alpha0_3/pmed/pmed10_1.txt	200	67	3	11.162716150283813	345.0	345.0
0 1 4 6 10 13 14 17 21 23 28 38 43 51 53 54 57 60 63 65 67 71 74 82 88 93 94 103 106 108 109 113 114 115 116 119 121 124 131 133 137 141 142 144 146 150 152 154 156 157 158 160 161 165 171 174 177 178 182 184 185 189 191 193 194 196 197 
instancesSurcharges/alpha0_3/pmed/pmed10_2.txt	200	67	5	24.400492191314697	721.0	721.0
3 6 8 9 10 14 19 21 22 23 26 28 33 47 48 53 54 60 61 63 65 67 75 77 78 79 84 86 93 94 97 101 102 108 110 111 113 119 121 125 129 132 136 137 138 139 144 151 152 157 159 163 166 167 170 172 173 175 177 180 182 190 192 193 196 197 198 
instancesSurcharges/alpha0_3/pmed/pmed10_3.txt	200	67	10	63.127920150756836	1320.0	1320.0
6 9 10 12 14 23 24 32 33 37 40 42 44 46 47 52 55 59 63 70 74 76 77 81 86 90 92 94 101 104 105 106 111 112 113 118 122 124 126 135 141 143 144 145 146 150 151 158 160 162 166 170 171 172 174 175 178 179 181 182 183 185 191 192 193 195 199 
instancesSurcharges/alpha0_3/pmed/pmed10_4.txt	200	67	15	163.59181809425354	1798.0	1798.0
2 5 12 13 16 17 19 20 22 26 27 32 33 36 38 41 42 46 51 59 62 63 67 73 74 79 80 83 87 93 102 103 105 106 107 114 115 122 128 130 133 134 135 139 142 144 145 146 147 150 151 152 156 157 158 159 165 172 177 178 181 182 183 190 192 194 197 
instancesSurcharges/alpha0_3/pmed/pmed10_5.txt	200	67	20	249.75665092468262	2271.0	2271.0
9 14 15 16 17 28 30 31 32 33 38 39 41 42 43 49 55 62 63 70 71 74 80 82 88 90 94 96 103 105 106 111 112 113 120 122 125 128 133 134 135 140 143 144 145 146 147 151 153 156 157 158 159 165 171 174 176 177 178 179 181 182 183 185 187 194 198 
instancesSurcharges/alpha0_3/pmed/pmed11_1.txt	300	5	3	1288.859727859497	393.0	393.0
85 159 162 200 212 
instancesSurcharges/alpha0_3/pmed/pmed11_2.txt	300	5	5	2051.673087120056	659.0	659.0
142 159 162 194 212 
instancesSurcharges/alpha0_3/pmed/pmed12_1.txt	300	10	3	1442.2726159095764	417.0	417.0
0 13 24 43 117 180 237 264 286 298 
instancesSurcharges/alpha0_3/pmed/pmed13_1.txt	300	30	3	68.1941888332367	328.0	328.0
13 22 24 39 43 48 54 68 85 93 108 129 135 155 163 164 166 178 189 195 207 221 229 233 236 244 245 266 273 290 
instancesSurcharges/alpha0_3/pmed/pmed13_2.txt	300	30	5	203.738538980484	532.0	532.0
4 12 13 22 39 68 83 84 88 90 124 125 131 135 146 150 158 163 164 165 178 212 216 222 233 234 238 256 260 272 
instancesSurcharges/alpha0_3/pmed/pmed14_1.txt	300	60	3	27.890357971191406	377.0	377.0
11 14 15 19 20 25 31 39 48 50 52 55 59 60 61 62 67 71 75 79 90 91 93 95 106 122 124 126 129 133 134 139 162 168 170 172 175 185 188 189 190 195 209 221 224 229 241 245 250 255 262 263 266 272 278 286 291 295 297 
instancesSurcharges/alpha0_3/pmed/pmed14_2.txt	300	60	5	55.609200954437256	615.0	615.0
3 13 19 25 29 32 41 46 50 58 59 60 61 62 63 90 111 118 123 126 128 131 134 141 142 144 149 164 165 167 168 169 171 177 178 179 189 196 201 207 216 222 225 230 233 238 239 243 245 248 249 250 254 259 262 264 273 276 280 291 
instancesSurcharges/alpha0_3/pmed/pmed14_3.txt	300	60	10	251.3853108882904	1268.0	1268.0
1 6 9 13 14 20 21 27 34 41 47 57 59 61 62 63 65 71 77 82 86 87 89 101 107 110 113 115 121 128 131 133 134 142 150 160 165 167 181 187 189 190 191 204 205 214 225 226 228 240 247 248 258 259 262 266 278 280 283 294 
instancesSurcharges/alpha0_3/pmed/pmed14_4.txt	300	60	15	591.5069091320038	1745.0	1745.0
1 7 17 18 20 21 22 25 28 34 38 52 53 59 60 61 71 75 76 77 79 83 86 87 89 97 102 107 110 113 135 139 140 147 148 172 175 177 179 182 187 188 191 194 200 203 209 210 212 226 234 235 240 250 258 259 262 267 277 291 
instancesSurcharges/alpha0_3/pmed/pmed14_5.txt	300	60	20	571.1860678195953	2312.0	2312.0
1 3 8 10 13 16 17 19 20 21 25 29 31 35 50 57 59 60 61 77 83 85 90 97 107 110 117 122 133 134 135 139 141 156 164 166 171 172 173 177 181 191 192 200 209 212 216 218 225 228 238 240 241 250 251 257 259 263 273 283 
instancesSurcharges/alpha0_3/pmed/pmed15_1.txt	300	100	3	22.271492958068848	289.0	289.0
5 10 11 13 15 16 20 23 24 25 26 27 31 33 37 43 45 48 54 62 72 81 85 87 93 95 98 101 102 106 108 110 115 119 124 126 128 135 139 142 143 144 148 149 151 153 154 155 156 162 163 164 168 170 171 173 175 177 180 183 192 195 197 200 202 203 204 209 212 213 217 218 221 226 229 230 236 237 240 242 244 249 255 257 258 261 262 263 264 265 268 270 271 272 278 286 291 293 294 296 
instancesSurcharges/alpha0_3/pmed/pmed15_2.txt	300	100	5	62.694178104400635	486.0	486.0
3 5 6 8 14 19 22 26 30 32 39 40 41 42 43 44 54 57 58 59 60 61 62 68 69 70 72 74 75 80 81 83 87 92 94 96 100 113 114 116 117 119 124 126 132 134 135 139 142 147 150 158 159 164 165 167 168 169 173 174 178 179 187 192 194 197 198 203 205 207 212 215 216 218 219 225 226 228 230 231 233 234 236 237 239 244 256 260 262 263 270 271 275 278 280 281 284 286 287 291 
instancesSurcharges/alpha0_3/pmed/pmed15_3.txt	300	100	10	168.58891892433167	1087.0	1087.0
4 6 9 12 15 16 22 25 26 29 36 37 40 42 43 47 49 50 57 59 67 71 74 75 77 83 90 95 98 99 101 102 105 108 110 114 115 117 121 123 124 126 133 136 138 141 146 148 150 151 156 158 159 164 166 167 168 170 175 176 185 187 189 190 195 199 203 205 207 210 212 219 221 224 225 232 233 238 240 249 252 257 262 266 271 273 277 278 280 282 283 285 286 287 290 291 293 294 296 298 
instancesSurcharges/alpha0_3/pmed/pmed15_4.txt	300	100	15	348.82755303382874	1316.0	1316.0
2 6 7 8 14 15 16 21 22 24 26 27 31 33 44 45 49 56 57 58 59 72 77 87 88 91 93 94 97 98 101 102 105 106 113 114 118 124 132 135 137 138 139 140 142 143 148 151 152 155 157 171 172 175 176 178 181 187 188 197 199 210 212 213 214 215 216 221 222 223 224 226 227 230 234 235 236 239 240 242 245 250 252 255 256 259 265 270 271 277 278 282 285 287 288 289 291 296 298 
instancesSurcharges/alpha0_3/pmed/pmed15_5.txt	300	100	20	1050.5415370464325	2096.0	2096.0
3 5 10 16 17 21 22 26 29 37 39 40 46 47 50 51 54 57 59 60 61 63 69 71 77 78 79 81 83 85 86 91 92 93 94 96 97 98 102 104 106 118 119 122 135 138 140 142 144 147 148 152 155 156 163 164 166 167 171 176 184 188 196 197 200 201 211 212 218 219 220 223 226 227 228 232 235 239 240 241 245 249 250 252 257 260 264 265 271 273 275 276 278 281 284 288 289 295 296 298 
instancesSurcharges/alpha0_3/pmed/pmed16_2.txt	400	5	5	3312.7909400463104	509.0	509.0
73 197 214 282 317 
instancesSurcharges/alpha0_3/pmed/pmed18_1.txt	400	40	3	75.69921517372131	314.0	314.0
17 28 35 41 45 48 70 71 86 87 98 100 114 133 138 162 181 186 209 210 220 222 223 224 237 274 276 293 296 297 299 305 321 323 356 357 376 382 398 399 
instancesSurcharges/alpha0_3/pmed/pmed18_2.txt	400	40	5	146.41557002067566	538.0	538.0
16 23 30 32 56 57 62 66 86 87 102 110 167 173 183 193 196 210 217 227 228 232 237 241 244 247 251 261 265 296 301 305 315 320 327 328 331 
instancesSurcharges/alpha0_3/pmed/pmed19_1.txt	400	80	3	63.51100707054138	214.0	214.0
0 3 9 17 22 29 44 47 48 51 57 59 60 63 69 76 77 78 83 87 97 102 106 108 119 127 132 147 153 155 159 161 167 173 176 178 179 181 186 201 209 210 215 222 229 230 237 259 268 275 276 277 284 285 288 291 292 300 302 306 308 316 324 325 328 333 334 335 338 340 358 366 371 375 382 383 389 398 399 
instancesSurcharges/alpha0_3/pmed/pmed19_2.txt	400	80	5	161.96749901771545	344.0	344.0
1 4 15 16 21 30 39 41 42 43 50 52 57 60 67 69 77 79 86 91 93 97 100 104 106 108 119 121 125 132 136 150 155 158 159 173 176 186 188 193 195 196 206 217 221 224 232 242 247 262 265 266 270 271 275 276 284 290 292 294 313 316 318 319 322 328 330 332 335 341 357 359 362 363 366 371 372 375 380 384 
instancesSurcharges/alpha0_3/pmed/pmed19_3.txt	400	80	10	811.022029876709	713.0	713.0
0 4 10 14 15 30 32 43 47 48 51 59 66 70 71 79 81 82 85 88 98 101 102 121 124 127 130 133 141 159 160 176 179 181 184 185 186 187 188 190 192 195 196 203 208 211 212 217 227 231 232 237 255 262 265 268 269 275 276 281 283 292 293 297 305 316 319 320 335 340 348 358 360 361 372 374 377 382 385 389 
instancesSurcharges/alpha0_3/pmed/pmed1_1.txt	100	5	3	140.68531799316406	870.0	870.0
6 8 41 89 93 
instancesSurcharges/alpha0_3/pmed/pmed1_2.txt	100	5	5	372.3237910270691	1477.0	1477.0
6 41 65 90 98 
instancesSurcharges/alpha0_3/pmed/pmed1_3.txt	100	5	10	1659.3563079833984	3102.0	3102.0
18 24 63 77 84 
instancesSurcharges/alpha0_3/pmed/pmed1_4.txt	100	5	15	1032.2438900470734	4695.0	4695.0
2 4 7 41 90 
instancesSurcharges/alpha0_3/pmed/pmed1_5.txt	100	5	20	2511.474675178528	6352.0	6352.0
3 40 58 66 84 
instancesSurcharges/alpha0_3/pmed/pmed20_1.txt	400	133	3	42.559021949768066	273.0	273.0
9 11 13 14 19 22 24 26 28 32 33 40 43 51 54 57 65 66 69 70 75 77 78 83 87 91 92 93 98 100 102 103 114 118 119 122 123 127 131 133 145 148 152 153 154 158 159 160 161 162 166 167 168 171 172 173 175 178 179 180 181 185 186 189 190 194 198 207 210 215 218 219 220 222 225 237 252 257 264 265 269 278 280 282 284 287 288 294 296 298 301 305 306 307 308 309 312 314 331 338 342 349 350 352 354 356 357 362 364 369 371 376 383 384 385 389 392 393 
instancesSurcharges/alpha0_3/pmed/pmed20_2.txt	400	133	5	107.46457314491272	385.0	385.0
0 2 13 15 16 17 18 19 24 30 32 36 41 43 57 58 62 64 65 67 73 76 77 83 85 87 91 92 93 95 100 107 110 114 120 122 123 125 129 132 133 134 136 137 139 143 145 146 147 149 150 152 155 156 163 164 165 166 167 168 170 173 174 179 183 184 188 189 190 192 194 195 197 198 203 204 210 214 227 232 234 237 241 244 246 247 256 258 264 267 272 274 275 278 282 290 292 294 296 297 303 309 313 316 317 319 322 323 326 328 335 336 337 346 353 355 357 363 365 372 376 385 390 392 393 
instancesSurcharges/alpha0_3/pmed/pmed20_3.txt	400	133	10	683.04927110672	819.0	819.0
0 3 5 6 8 15 18 22 24 27 28 32 33 36 45 51 54 57 59 61 62 64 66 67 73 74 75 77 78 81 85 86 87 88 90 93 94 98 100 103 109 113 117 119 124 127 134 137 139 143 144 146 149 150 151 156 157 158 159 160 165 170 172 175 177 179 181 183 186 190 195 198 199 210 213 215 216 227 232 239 246 250 251 253 257 258 262 268 273 278 279 280 281 282 285 287 292 295 299 304 305 307 308 309 310 312 313 316 319 320 322 325 327 331 335 336 337 338 344 345 347 349 351 352 356 358 363 376 380 385 387 389 395 
instancesSurcharges/alpha0_3/pmed/pmed20_4.txt	400	133	15	1082.7338559627533	1141.0	1141.0
0 3 7 11 12 13 17 28 30 31 33 35 36 60 62 64 65 66 67 72 73 74 75 82 84 85 87 90 94 95 98 99 100 101 102 106 110 114 115 117 118 119 120 123 124 127 136 140 143 144 147 148 152 153 154 155 156 158 160 161 164 167 171 175 181 182 185 186 188 193 198 204 206 207 210 213 214 215 217 222 225 226 227 228 229 234 237 239 242 244 246 256 259 261 266 268 269 271 274 278 279 281 292 296 304 306 316 317 319 325 328 329 330 338 339 343 344 349 353 354 363 367 368 371 374 379 381 383 385 389 393 394 399 
instancesSurcharges/alpha0_3/pmed/pmed20_5.txt	400	133	20	3100.7705841064453	1612.0	1612.0
0 4 7 9 10 11 13 15 18 19 20 25 27 31 33 34 36 40 43 51 54 55 56 64 66 67 81 83 88 89 90 92 94 95 98 99 100 102 104 110 113 115 117 123 128 134 136 139 140 151 153 156 157 162 163 164 166 168 169 175 180 188 194 202 210 211 212 215 218 221 223 225 227 235 237 239 241 242 243 244 246 247 248 252 257 263 264 269 273 274 276 279 284 287 288 289 294 295 296 297 303 304 305 307 308 309 313 317 319 324 330 333 336 338 341 344 349 354 359 363 364 371 372 376 377 378 384 386 389 390 392 395 399 
instancesSurcharges/alpha0_3/pmed/pmed23_1.txt	500	50	3	839.6535320281982	194.0	194.0
6 9 18 29 30 33 44 48 59 63 76 93 98 124 129 137 139 146 165 170 176 180 183 186 217 218 227 237 243 244 256 269 273 286 295 311 312 322 338 397 398 412 421 423 424 425 460 464 482 489 
instancesSurcharges/alpha0_3/pmed/pmed23_2.txt	500	50	5	1885.356612920761	336.0	336.0
6 28 29 35 36 48 49 53 63 78 90 136 164 165 187 203 217 218 226 244 248 257 258 281 299 301 306 309 312 318 350 351 361 366 377 385 397 405 408 411 421 441 445 453 459 465 469 471 489 498 
instancesSurcharges/alpha0_3/pmed/pmed24_1.txt	500	100	3	173.67023086547852	197.0	197.0
6 8 18 25 26 33 40 42 65 85 88 92 101 107 108 109 110 114 119 121 125 133 134 136 137 139 141 142 154 159 164 165 166 167 173 174 188 191 192 197 201 202 213 214 217 218 227 230 231 250 251 253 262 265 269 270 275 276 280 286 293 304 311 327 336 342 343 348 349 353 354 361 363 366 367 378 380 381 383 394 396 399 402 406 407 408 410 421 427 430 437 449 451 459 478 492 498 
instancesSurcharges/alpha0_3/pmed/pmed24_2.txt	500	100	5	247.05107498168945	308.0	308.0
0 2 18 21 30 34 37 39 46 58 62 67 73 75 76 85 96 101 110 112 115 134 136 137 153 158 161 165 173 175 179 182 184 189 196 197 202 203 212 215 217 218 222 224 230 233 235 238 239 241 248 253 257 262 279 282 287 295 298 299 300 305 320 326 327 332 340 343 344 346 349 353 355 357 359 363 371 377 380 396 397 405 408 409 421 422 433 439 440 447 450 457 460 465 471 478 480 491 499 
instancesSurcharges/alpha0_3/pmed/pmed24_3.txt	500	100	10	3399.899286031723	778.0	778.0
1 5 8 20 21 27 29 31 34 35 37 46 47 51 54 58 60 68 74 75 82 83 84 88 96 101 106 112 114 118 119 124 126 128 138 146 158 167 176 183 187 189 193 194 199 200 203 211 212 218 220 222 225 230 233 236 239 243 249 251 253 255 269 271 292 294 295 298 302 309 313 315 326 331 352 354 365 375 378 392 394 398 406 407 411 413 417 427 443 448 455 458 464 470 485 488 491 492 495 499 
instancesSurcharges/alpha0_3/pmed/pmed25_1.txt	500	167	3	156.71878910064697	259.0	259.0
3 5 6 7 8 11 12 14 15 16 17 26 29 40 42 51 52 58 63 67 71 73 75 82 88 92 93 94 98 102 104 109 117 118 120 124 130 131 133 134 136 140 142 143 149 153 154 156 157 160 161 162 164 168 170 173 177 178 179 186 189 191 192 193 195 197 202 206 209 213 214 217 218 223 227 230 231 237 242 243 249 251 253 254 255 258 262 263 265 266 269 270 273 274 275 280 281 284 292 295 304 307 311 313 320 322 327 329 336 338 342 343 345 348 349 357 358 360 361 367 370 373 379 380 381 383 390 392 396 401 407 408 409 413 420 421 425 426 430 434 435 437 448 449 454 455 459 460 461 465 471 473 483 484 485 489 490 491 492 494 497 498 
instancesSurcharges/alpha0_3/pmed/pmed25_2.txt	500	167	5	525.0592138767242	480.0	480.0
2 7 8 9 10 13 15 16 22 23 30 33 34 36 37 48 49 53 57 59 60 62 67 73 75 76 86 90 91 99 100 101 104 105 106 109 110 112 117 118 132 133 134 135 136 137 140 145 146 147 150 153 164 167 169 172 173 177 178 182 184 186 187 189 191 196 197 202 203 205 209 210 217 218 221 222 223 226 230 235 241 243 247 248 251 252 257 258 260 262 264 270 275 277 278 279 284 291 295 298 300 304 306 307 311 312 316 320 321 323 326 327 334 340 341 342 343 346 349 354 357 361 364 371 375 377 379 381 384 385 386 392 395 397 401 402 404 405 408 410 413 414 416 417 420 426 432 434 441 442 443 446 447 448 449 459 465 467 471 478 482 487 491 492 497 498 499 
instancesSurcharges/alpha0_3/pmed/pmed25_3.txt	500	167	10	460.9927270412445	712.0	712.0
1 11 14 17 19 20 28 35 39 42 43 45 49 50 53 63 66 69 70 73 74 82 85 89 96 97 100 106 109 110 114 117 118 122 125 129 133 135 139 140 142 143 148 150 152 155 156 164 166 171 172 173 176 177 179 186 187 189 191 192 194 195 200 205 209 211 212 214 215 216 217 220 226 228 229 230 231 240 243 246 247 252 255 256 259 270 271 278 280 283 288 289 290 291 292 293 295 299 300 310 312 313 315 322 335 339 342 356 357 361 362 369 372 375 376 378 381 384 385 386 388 391 392 394 398 401 406 407 408 409 411 413 414 418 419 423 425 426 431 433 434 437 443 444 455 457 459 462 464 472 474 478 480 482 484 485 486 490 491 492 499 
instancesSurcharges/alpha0_3/pmed/pmed28_1.txt	600	60	3	302.51451206207275	206.0	206.0
17 18 45 49 65 67 79 98 114 122 123 139 140 142 166 171 177 183 196 204 223 226 238 265 276 280 293 294 299 327 330 335 337 344 359 360 368 371 383 395 411 425 447 466 473 474 480 496 514 516 524 539 544 547 560 562 575 587 599 
instancesSurcharges/alpha0_3/pmed/pmed29_1.txt	600	120	3	314.75300097465515	198.0	198.0
2 25 29 31 34 38 40 44 52 56 57 66 71 88 92 110 112 117 118 119 121 125 127 130 132 142 155 159 162 163 168 173 174 184 189 203 209 219 220 223 227 236 242 257 264 265 270 272 285 287 289 293 295 297 300 301 309 312 314 316 322 331 333 336 347 350 353 356 362 364 367 369 381 388 395 396 397 403 409 416 417 419 420 436 443 455 457 465 467 471 473 481 488 498 503 514 515 522 525 530 537 538 562 563 567 577 579 590 591 599 
instancesSurcharges/alpha0_3/pmed/pmed29_2.txt	600	120	5	464.03440594673157	369.0	369.0
0 4 14 15 20 22 36 39 40 42 52 59 62 63 73 79 83 85 89 96 99 101 118 119 123 130 132 139 140 157 158 160 165 167 169 182 186 187 193 196 204 205 206 208 216 223 227 232 234 240 262 264 270 274 282 286 289 294 297 301 304 306 312 315 322 334 338 345 346 355 360 362 370 375 376 384 388 389 395 399 407 420 421 423 424 425 427 443 445 454 468 478 488 490 497 502 511 519 522 524 525 528 532 533 537 548 561 564 572 580 583 599 
instancesSurcharges/alpha0_3/pmed/pmed29_3.txt	600	120	10	3222.6191749572754	668.0	668.0
0 6 11 15 20 23 28 31 34 38 40 42 43 52 53 56 57 58 65 74 83 84 89 95 100 110 119 124 125 133 138 144 151 155 156 163 164 165 172 174 178 188 201 205 209 218 219 223 232 233 242 257 258 259 262 265 277 279 282 289 293 299 306 311 313 321 328 329 344 345 352 353 355 357 358 359 363 368 373 379 389 391 407 419 424 431 441 442 452 453 455 469 471 480 485 487 489 490 492 495 496 497 502 505 522 530 533 541 547 561 562 563 565 570 578 586 591 596 599 
