instancesSurcharges/alpha0_3/Aleatoire/alea20_2_1.txt	20	2	2	2	0.0045659542083740234	AB	172.2830188679245	172.2830188679245	182.0	182.0
instancesSurcharges/alpha0_3/Aleatoire/alea20_2_2.txt	20	2	4	2	0.0054700374603271484	AB	244.68749962991703	244.68749962991703	246.3505523799419	246.3505523799419
instancesSurcharges/alpha0_3/Aleatoire/alea20_4_1.txt	20	4	2	2	0.0007929801940917969	AB	107.0	107.0	107.0	107.0
instancesSurcharges/alpha0_3/Aleatoire/alea20_4_2.txt	20	4	4	2	0.0013039112091064453	AB	182.0	182.0	182.0	182.0
instancesSurcharges/alpha0_3/Aleatoire/alea20_6_1.txt	20	6	2	2	0.0007109642028808594	AB	115.0	115.0	115.0	115.0
instancesSurcharges/alpha0_3/Aleatoire/alea20_6_2.txt	20	6	4	2	0.0014507770538330078	AB	222.0	222.0	222.0	222.0
instancesSurcharges/alpha0_3/Aleatoire/alea25_2_1.txt	25	2	2	2	0.0012981891632080078	AB	112.02469928675497	112.02469928675497	112.02469928675497	112.02469928675497
instancesSurcharges/alpha0_3/Aleatoire/alea25_2_2.txt	25	2	5	2	0.03781604766845703	AB	319.5590691598024	319.5590691598024	380.0	380.0
instancesSurcharges/alpha0_3/Aleatoire/alea25_5_1.txt	25	5	2	2	0.0012478828430175781	AB	107.0	107.0	107.0	107.0
instancesSurcharges/alpha0_3/Aleatoire/alea25_5_2.txt	25	5	5	2	0.0025358200073242188	AB	268.0	268.0	268.0	268.0
instancesSurcharges/alpha0_3/Aleatoire/alea25_8_1.txt	25	8	2	2	0.0012950897216796875	AB	126.0	126.0	126.0	126.0
instancesSurcharges/alpha0_3/Aleatoire/alea25_8_2.txt	25	8	5	2	0.002685070037841797	AB	396.0	396.0	396.0	396.0
instancesSurcharges/alpha0_3/Aleatoire/alea30_10_1.txt	30	10	3	2	0.002252817153930664	AB	133.0	133.0	133.0	133.0
instancesSurcharges/alpha0_3/Aleatoire/alea30_10_2.txt	30	10	6	2	0.005114078521728516	AB	323.0	323.0	323.0	323.0
instancesSurcharges/alpha0_3/Aleatoire/alea30_3_1.txt	30	3	3	2	0.002155780792236328	AB	152.4200988535278	152.4200988535278	152.4200988535278	152.4200988535278
instancesSurcharges/alpha0_3/Aleatoire/alea30_3_2.txt	30	3	6	2	0.004817008972167969	AB	385.9492900096673	385.9492900096673	385.9492900096673	385.9492900096673
instancesSurcharges/alpha0_3/Aleatoire/alea30_6_1.txt	30	6	3	2	0.002307891845703125	AB	113.0036374063688	113.0036374063688	113.0036374063688	113.0036374063688
instancesSurcharges/alpha0_3/Aleatoire/alea30_6_2.txt	30	6	6	2	0.004410982131958008	AB	260.18941385113385	260.18941385113385	260.18941385113385	260.18941385113385
instancesSurcharges/alpha0_3/Aleatoire/alea35_11_1.txt	35	11	3	2	0.0037970542907714844	AB	139.0	139.0	139.0	139.0
instancesSurcharges/alpha0_3/Aleatoire/alea35_11_2.txt	35	11	7	2	0.00716400146484375	AB	280.0	280.0	280.0	280.0
instancesSurcharges/alpha0_3/Aleatoire/alea35_3_1.txt	35	3	3	2	0.023334980010986328	AB	182.44091866659696	182.44091866659696	183.0943498485688	183.0943498485688
instancesSurcharges/alpha0_3/Aleatoire/alea35_3_2.txt	35	3	7	2	0.056569814682006836	AB	444.66478223606657	444.66478223606657	447.24826172479914	447.24826172479914
instancesSurcharges/alpha0_3/Aleatoire/alea35_7_1.txt	35	7	3	2	0.004266977310180664	AB	126.0	126.0	126.0	126.0
instancesSurcharges/alpha0_3/Aleatoire/alea35_7_2.txt	35	7	7	2	0.007363796234130859	AB	330.95360884151773	330.95360884151773	330.95360884151773	330.95360884151773
instancesSurcharges/alpha0_3/Aleatoire/alea40_13_1.txt	40	13	4	2	0.0055310726165771484	AB	172.0	172.0	172.0	172.0
instancesSurcharges/alpha0_3/Aleatoire/alea40_13_2.txt	40	13	8	2	0.009187936782836914	AB	350.0	350.0	350.0	350.0
instancesSurcharges/alpha0_3/Aleatoire/alea40_4_1.txt	40	4	4	2	0.00677490234375	AB	193.47151601029987	193.47151601029987	193.47151601029987	193.47151601029987
instancesSurcharges/alpha0_3/Aleatoire/alea40_4_2.txt	40	4	8	2	0.035742998123168945	AB	432.903795431506	432.903795431506	433.39237792642234	433.39237792642234
instancesSurcharges/alpha0_3/Aleatoire/alea40_8_1.txt	40	8	4	2	0.006533145904541016	AB	180.0	180.0	180.0	180.0
instancesSurcharges/alpha0_3/Aleatoire/alea40_8_2.txt	40	8	8	2	0.012392997741699219	AB	400.2799245294935	400.2799245294935	400.2799245294935	400.2799245294935
instancesSurcharges/alpha0_3/Aleatoire/alea45_15_1.txt	45	15	4	2	0.01199197769165039	AB	182.0	182.0	182.0	182.0
instancesSurcharges/alpha0_3/Aleatoire/alea45_15_2.txt	45	15	9	2	0.016638994216918945	AB	389.0	389.0	389.0	389.0
instancesSurcharges/alpha0_3/Aleatoire/alea45_4_1.txt	45	4	4	2	0.008113861083984375	AB	191.87385505385583	191.87385505385583	191.87385505385583	191.87385505385583
instancesSurcharges/alpha0_3/Aleatoire/alea45_4_2.txt	45	4	9	2	0.018264055252075195	AB	461.39418949788006	461.39418949788006	461.39418949788006	461.39418949788006
instancesSurcharges/alpha0_3/Aleatoire/alea45_9_1.txt	45	9	4	2	0.008502006530761719	AB	264.0	264.0	264.0	264.0
instancesSurcharges/alpha0_3/Aleatoire/alea45_9_2.txt	45	9	9	2	0.013885021209716797	AB	473.0	473.0	473.0	473.0
instancesSurcharges/alpha0_3/Aleatoire/alea50_10_1.txt	50	10	5	2	0.009042024612426758	AB	196.0	196.0	196.0	196.0
instancesSurcharges/alpha0_3/Aleatoire/alea50_10_2.txt	50	10	10	2	0.01863694190979004	AB	430.1992062779267	430.1992062779267	430.1992062779267	430.1992062779267
instancesSurcharges/alpha0_3/Aleatoire/alea50_16_1.txt	50	16	5	2	0.010053157806396484	AB	197.0	197.0	197.0	197.0
instancesSurcharges/alpha0_3/Aleatoire/alea50_16_2.txt	50	16	10	2	0.015332937240600586	AB	414.0	414.0	414.0	414.0
instancesSurcharges/alpha0_3/Aleatoire/alea50_5_1.txt	50	5	5	2	0.010153055191040039	AB	241.3279986332738	241.3279986332738	241.3279986332738	241.3279986332738
instancesSurcharges/alpha0_3/Aleatoire/alea50_5_2.txt	50	5	10	2	0.017128944396972656	AB	510.40062153267064	510.40062153267064	510.40062153267064	510.40062153267064
instancesSurcharges/alpha0_3/Beasley/p10_1.txt	50	5	3	2	0.005643129348754883	AB	130.93557471446243	130.93557471446243	130.93557471446243	130.93557471446243
instancesSurcharges/alpha0_3/Beasley/p10_2.txt	50	5	5	2	0.011641979217529297	AB	252.09608203269232	252.09608203269232	252.09608203269232	252.09608203269232
instancesSurcharges/alpha0_3/Beasley/p10_3.txt	50	5	10	2	0.016364097595214844	AB	611.8372383142403	611.8372383142403	611.8372383142403	611.8372383142403
instancesSurcharges/alpha0_3/Beasley/p10_4.txt	50	5	15	2	0.030984163284301758	AB	869.0890417347006	869.0890417347006	869.0890417347006	869.0890417347006
instancesSurcharges/alpha0_3/Beasley/p10_5.txt	50	5	20	2	0.03958702087402344	AB	1063.4170117025924	1063.4170117025924	1063.4170117025924	1063.4170117025924
instancesSurcharges/alpha0_3/Beasley/p11_1.txt	100	10	3	2	0.03143191337585449	AB	123.0	123.0	123.0	123.0
instancesSurcharges/alpha0_3/Beasley/p11_2.txt	100	10	5	2	0.0521700382232666	AB	171.80961983684477	171.80961983684477	171.80961983684483	171.80961983684483
instancesSurcharges/alpha0_3/Beasley/p11_3.txt	100	10	10	2	0.08182120323181152	AB	375.25264638353826	375.25264638353826	375.25264638353826	375.25264638353826
instancesSurcharges/alpha0_3/Beasley/p11_4.txt	100	10	15	2	0.11246800422668457	AB	571.4052439158027	571.4052439158027	571.4052439158027	571.4052439158027
instancesSurcharges/alpha0_3/Beasley/p11_5.txt	100	10	20	2	0.15687322616577148	AB	768.6979813884053	768.6979813884053	768.6979813884053	768.6979813884053
instancesSurcharges/alpha0_3/Beasley/p12_1.txt	100	10	3	2	0.03298807144165039	AB	99.0	99.0	99.0	99.0
instancesSurcharges/alpha0_3/Beasley/p12_2.txt	100	10	5	2	0.04615592956542969	AB	190.96138798168857	190.96138798168857	190.96138798168857	190.96138798168857
instancesSurcharges/alpha0_3/Beasley/p12_3.txt	100	10	10	2	0.07677793502807617	AB	373.85161634042237	373.85161634042237	373.85161634042237	373.85161634042237
instancesSurcharges/alpha0_3/Beasley/p12_4.txt	100	10	15	2	0.1144099235534668	AB	684.8087465226275	684.8087465226275	684.8087465226275	684.8087465226275
instancesSurcharges/alpha0_3/Beasley/p12_5.txt	100	10	20	2	0.18017292022705078	AB	850.1562432195377	850.1562432195377	850.1562432195377	850.1562432195377
instancesSurcharges/alpha0_3/Beasley/p13_1.txt	100	10	3	2	0.03662896156311035	AB	123.2303912642511	123.2303912642511	123.2303912642511	123.2303912642511
instancesSurcharges/alpha0_3/Beasley/p13_2.txt	100	10	5	2	0.04867911338806152	AB	179.02141537200694	179.02141537200694	179.02141537200694	179.02141537200694
instancesSurcharges/alpha0_3/Beasley/p13_3.txt	100	10	10	2	0.07683300971984863	AB	368.87451881039925	368.87451881039925	368.87451881039925	368.87451881039925
instancesSurcharges/alpha0_3/Beasley/p13_4.txt	100	10	15	2	0.12776398658752441	AB	589.4136640854185	589.4136640854185	589.4136640854185	589.4136640854185
instancesSurcharges/alpha0_3/Beasley/p13_5.txt	100	10	20	2	0.1817770004272461	AB	848.0906722140483	848.0906722140483	848.0906722140483	848.0906722140483
instancesSurcharges/alpha0_3/Beasley/p14_1.txt	100	10	3	2	0.030611038208007812	AB	119.0	119.0	119.0	119.0
instancesSurcharges/alpha0_3/Beasley/p14_2.txt	100	10	5	2	0.046327829360961914	AB	183.59835377228177	183.59835377228177	183.59835377228177	183.59835377228177
instancesSurcharges/alpha0_3/Beasley/p14_3.txt	100	10	10	2	0.07813191413879395	AB	433.15420791155765	433.15420791155765	433.15420791155765	433.15420791155765
instancesSurcharges/alpha0_3/Beasley/p14_4.txt	100	10	15	2	0.13035297393798828	AB	604.1259818348784	604.1259818348784	604.1259818348784	604.1259818348784
instancesSurcharges/alpha0_3/Beasley/p14_5.txt	100	10	20	2	0.17667412757873535	AB	890.8106077857101	890.8106077857101	890.8106077857101	890.8106077857101
instancesSurcharges/alpha0_3/Beasley/p15_1.txt	100	10	3	2	0.03036785125732422	AB	101.49600550883743	101.49600550883743	101.49600550883743	101.49600550883743
instancesSurcharges/alpha0_3/Beasley/p15_2.txt	100	10	5	2	0.05002284049987793	AB	192.29322067551774	192.29322067551774	192.29322067551774	192.29322067551774
instancesSurcharges/alpha0_3/Beasley/p15_3.txt	100	10	10	2	0.07438492774963379	AB	369.50937274732433	369.50937274732433	369.50937274732433	369.50937274732433
instancesSurcharges/alpha0_3/Beasley/p15_4.txt	100	10	15	2	0.12119197845458984	AB	604.9274991506313	604.9274991506313	604.9274991506313	604.9274991506313
instancesSurcharges/alpha0_3/Beasley/p15_5.txt	100	10	20	2	0.1579129695892334	AB	851.054460014218	851.054460014218	851.054460014218	851.054460014218
instancesSurcharges/alpha0_3/Beasley/p16_1.txt	100	10	3	2	0.03409099578857422	AB	118.62578772926594	118.62578772926594	118.62578772926594	118.62578772926594
instancesSurcharges/alpha0_3/Beasley/p16_2.txt	100	10	5	2	0.04873394966125488	AB	161.71729105773	161.71729105773	161.71729105772988	161.71729105772988
instancesSurcharges/alpha0_3/Beasley/p16_3.txt	100	10	10	2	0.0792849063873291	AB	414.23122365198606	414.23122365198606	414.23122365198606	414.23122365198606
instancesSurcharges/alpha0_3/Beasley/p16_4.txt	100	10	15	2	0.11075210571289062	AB	612.5827640007589	612.5827640007589	612.5827640007589	612.5827640007589
instancesSurcharges/alpha0_3/Beasley/p16_5.txt	100	10	20	2	0.20501708984375	AB	787.0100201932132	787.0100201932132	787.0100201932132	787.0100201932132
instancesSurcharges/alpha0_3/Beasley/p17_1.txt	100	10	3	2	0.03165602684020996	AB	109.0	109.0	109.0	109.0
instancesSurcharges/alpha0_3/Beasley/p17_2.txt	100	10	5	2	0.05227184295654297	AB	160.49036993326672	160.49036993326672	160.49036993326672	160.49036993326672
instancesSurcharges/alpha0_3/Beasley/p17_3.txt	100	10	10	2	0.07696104049682617	AB	422.60254647460454	422.60254647460454	422.60254647460454	422.60254647460454
instancesSurcharges/alpha0_3/Beasley/p17_4.txt	100	10	15	2	0.13602805137634277	AB	710.5994769668267	710.5994769668267	710.5994769668267	710.5994769668267
instancesSurcharges/alpha0_3/Beasley/p17_5.txt	100	10	20	2	0.15787005424499512	AB	790.0276715377207	790.0276715377207	790.0276715377207	790.0276715377207
instancesSurcharges/alpha0_3/Beasley/p18_1.txt	100	10	3	2	0.037136077880859375	AB	112.0	112.0	112.0	112.0
instancesSurcharges/alpha0_3/Beasley/p18_2.txt	100	10	5	2	0.047425031661987305	AB	170.80673227356021	170.80673227356021	170.80673227356021	170.80673227356021
instancesSurcharges/alpha0_3/Beasley/p18_3.txt	100	10	10	2	0.07010912895202637	AB	371.1046890667863	371.1046890667863	371.1046890667863	371.1046890667863
instancesSurcharges/alpha0_3/Beasley/p18_4.txt	100	10	15	2	0.11397314071655273	AB	596.8497682629302	596.8497682629302	596.8497682629302	596.8497682629302
instancesSurcharges/alpha0_3/Beasley/p18_5.txt	100	10	20	2	0.15093612670898438	AB	749.5669294574908	749.5669294574908	749.5669294574908	749.5669294574908
instancesSurcharges/alpha0_3/Beasley/p19_1.txt	100	10	3	2	0.03611493110656738	AB	117.65242292317532	117.65242292317532	117.65242292317532	117.65242292317532
instancesSurcharges/alpha0_3/Beasley/p19_2.txt	100	10	5	2	0.045845985412597656	AB	177.09969892975315	177.09969892975315	177.09969892975315	177.09969892975315
instancesSurcharges/alpha0_3/Beasley/p19_3.txt	100	10	10	2	0.08024191856384277	AB	374.10135125719137	374.10135125719137	374.10135125719137	374.10135125719137
instancesSurcharges/alpha0_3/Beasley/p19_4.txt	100	10	15	2	0.1095271110534668	AB	616.4045969136098	616.4045969136098	616.4045969136098	616.4045969136098
instancesSurcharges/alpha0_3/Beasley/p19_5.txt	100	10	20	2	0.1915268898010254	AB	758.0315120766231	758.0315120766231	758.0315120766231	758.0315120766231
instancesSurcharges/alpha0_3/Beasley/p1_1.txt	50	5	3	2	0.007066011428833008	AB	128.3122262259635	128.3122262259635	128.3122262259635	128.3122262259635
instancesSurcharges/alpha0_3/Beasley/p1_2.txt	50	5	5	2	0.01364588737487793	AB	246.31707284464076	246.31707284464076	246.31707284464076	246.31707284464076
instancesSurcharges/alpha0_3/Beasley/p1_3.txt	50	5	10	2	0.01627802848815918	AB	590.7623447187092	590.7623447187092	590.7623447187092	590.7623447187092
instancesSurcharges/alpha0_3/Beasley/p1_4.txt	50	5	15	2	0.029954910278320312	AB	744.4387988469805	744.4387988469805	744.4387988469805	744.4387988469805
instancesSurcharges/alpha0_3/Beasley/p1_5.txt	50	5	20	2	0.04568791389465332	AB	980.1226151036843	980.1226151036843	980.1226151036843	980.1226151036843
instancesSurcharges/alpha0_3/Beasley/p20_1.txt	100	10	3	2	0.03094005584716797	AB	89.0	89.0	89.0	89.0
instancesSurcharges/alpha0_3/Beasley/p20_2.txt	100	10	5	2	0.04578900337219238	AB	160.30215866747557	160.30215866747557	160.30215866747557	160.30215866747557
instancesSurcharges/alpha0_3/Beasley/p20_3.txt	100	10	10	2	0.06995415687561035	AB	356.743634353975	356.743634353975	356.743634353975	356.743634353975
instancesSurcharges/alpha0_3/Beasley/p20_4.txt	100	10	15	2	0.11243796348571777	AB	570.7129545896559	570.7129545896559	570.7129545896559	570.7129545896559
instancesSurcharges/alpha0_3/Beasley/p20_5.txt	100	10	20	2	0.15133190155029297	AB	755.5412132751312	755.5412132751312	755.5412132751312	755.5412132751312
instancesSurcharges/alpha0_3/Beasley/p2_1.txt	50	5	3	2	0.005937099456787109	AB	132.87802440970336	132.87802440970336	132.87802440970336	132.87802440970336
instancesSurcharges/alpha0_3/Beasley/p2_2.txt	50	5	5	2	0.012557029724121094	AB	231.80468472701114	231.80468472701114	231.80468472701114	231.80468472701114
instancesSurcharges/alpha0_3/Beasley/p2_3.txt	50	5	10	2	0.01743793487548828	AB	685.9142522063006	685.9142522063006	685.9142522063006	685.9142522063006
instancesSurcharges/alpha0_3/Beasley/p2_4.txt	50	5	15	2	0.03244614601135254	AB	852.491007222242	852.491007222242	852.491007222242	852.491007222242
instancesSurcharges/alpha0_3/Beasley/p2_5.txt	50	5	20	2	0.038908958435058594	AB	1015.0869778655209	1015.0869778655209	1015.0869778655209	1015.0869778655209
instancesSurcharges/alpha0_3/Beasley/p3_1.txt	50	5	3	2	0.005914926528930664	AB	175.0	175.0	175.0	175.0
instancesSurcharges/alpha0_3/Beasley/p3_2.txt	50	5	5	2	0.01102900505065918	AB	240.61496637459598	240.61496637459598	240.61496637459598	240.61496637459598
instancesSurcharges/alpha0_3/Beasley/p3_3.txt	50	5	10	2	0.01589798927307129	AB	758.9205149218553	758.9205149218553	758.9205149218553	758.9205149218553
instancesSurcharges/alpha0_3/Beasley/p3_4.txt	50	5	15	2	0.03246784210205078	AB	854.6973205572604	854.6973205572604	854.6973205572604	854.6973205572604
instancesSurcharges/alpha0_3/Beasley/p3_5.txt	50	5	20	2	0.03894186019897461	AB	1037.1855119151091	1037.1855119151091	1037.1855119151091	1037.1855119151091
instancesSurcharges/alpha0_3/Beasley/p4_1.txt	50	5	3	2	0.0062940120697021484	AB	174.84631643037073	174.84631643037073	174.84631643037073	174.84631643037073
instancesSurcharges/alpha0_3/Beasley/p4_2.txt	50	5	5	2	0.011154890060424805	AB	242.1529359347583	242.1529359347583	242.1529359347583	242.1529359347583
instancesSurcharges/alpha0_3/Beasley/p4_3.txt	50	5	10	2	0.016115188598632812	AB	642.3142059654851	642.3142059654851	642.3142059654851	642.3142059654851
instancesSurcharges/alpha0_3/Beasley/p4_4.txt	50	5	15	2	0.031033039093017578	AB	782.0658567724344	782.0658567724344	782.0658567724344	782.0658567724344
instancesSurcharges/alpha0_3/Beasley/p4_5.txt	50	5	20	2	0.04033708572387695	AB	1166.6208776061594	1166.6208776061594	1166.6208776061594	1166.6208776061594
instancesSurcharges/alpha0_3/Beasley/p5_1.txt	50	5	3	2	0.005171060562133789	AB	133.3161451748308	133.3161451748308	133.31614517483084	133.31614517483084
instancesSurcharges/alpha0_3/Beasley/p5_2.txt	50	5	5	2	0.010329961776733398	AB	232.63242414123272	232.63242414123272	232.63242414123272	232.63242414123272
instancesSurcharges/alpha0_3/Beasley/p5_3.txt	50	5	10	2	0.015655994415283203	AB	580.8949953250959	580.8949953250959	580.8949953250959	580.8949953250959
instancesSurcharges/alpha0_3/Beasley/p5_4.txt	50	5	15	2	0.03143906593322754	AB	763.135808706057	763.135808706057	763.135808706057	763.135808706057
instancesSurcharges/alpha0_3/Beasley/p5_5.txt	50	5	20	2	0.038374900817871094	AB	968.5155666951855	968.5155666951855	968.5155666951855	968.5155666951855
instancesSurcharges/alpha0_3/Beasley/p6_1.txt	50	5	3	2	0.0067059993743896484	AB	158.17887681476287	158.17887681476287	158.17887681476287	158.17887681476287
instancesSurcharges/alpha0_3/Beasley/p6_2.txt	50	5	5	2	0.011263132095336914	AB	257.13398339250523	257.13398339250523	257.13398339250523	257.13398339250523
instancesSurcharges/alpha0_3/Beasley/p6_3.txt	50	5	10	2	0.018023014068603516	AB	646.7675872004927	646.7675872004927	646.7675872004927	646.7675872004927
instancesSurcharges/alpha0_3/Beasley/p6_4.txt	50	5	15	2	0.0328371524810791	AB	773.1246654371362	773.1246654371362	773.1246654371362	773.1246654371362
instancesSurcharges/alpha0_3/Beasley/p6_5.txt	50	5	20	2	0.04500079154968262	AB	1003.3573274269752	1003.3573274269752	1003.3573274269752	1003.3573274269752
instancesSurcharges/alpha0_3/Beasley/p7_1.txt	50	5	3	2	0.005444049835205078	AB	133.4295806987962	133.4295806987962	133.4295806987962	133.4295806987962
instancesSurcharges/alpha0_3/Beasley/p7_2.txt	50	5	5	2	0.010994911193847656	AB	250.55986786734317	250.55986786734317	250.55986786734317	250.55986786734317
instancesSurcharges/alpha0_3/Beasley/p7_3.txt	50	5	10	2	0.01605987548828125	AB	663.3290878078222	663.3290878078222	663.3290878078222	663.3290878078222
instancesSurcharges/alpha0_3/Beasley/p7_4.txt	50	5	15	2	0.03627514839172363	AB	877.1977476354268	877.1977476354268	877.1977476354268	877.1977476354268
instancesSurcharges/alpha0_3/Beasley/p7_5.txt	50	5	20	2	0.04101204872131348	AB	1230.199426623283	1230.199426623283	1230.199426623283	1230.199426623283
instancesSurcharges/alpha0_3/Beasley/p8_1.txt	50	5	3	2	0.005903959274291992	AB	134.1871863327163	134.1871863327163	134.1871863327163	134.1871863327163
instancesSurcharges/alpha0_3/Beasley/p8_2.txt	50	5	5	2	0.011661052703857422	AB	247.58531797194604	247.58531797194604	247.58531797194604	247.58531797194604
instancesSurcharges/alpha0_3/Beasley/p8_3.txt	50	5	10	2	0.01589488983154297	AB	582.2662046229897	582.2662046229897	582.2662046229897	582.2662046229897
instancesSurcharges/alpha0_3/Beasley/p8_4.txt	50	5	15	2	0.031640052795410156	AB	866.6924007029716	866.6924007029716	866.6924007029716	866.6924007029716
instancesSurcharges/alpha0_3/Beasley/p8_5.txt	50	5	20	2	0.04100203514099121	AB	1106.9930257633173	1106.9930257633173	1106.9930257633173	1106.9930257633173
instancesSurcharges/alpha0_3/Beasley/p9_1.txt	50	5	3	2	0.005843162536621094	AB	137.84091052541282	137.84091052541282	137.84091052541282	137.84091052541282
instancesSurcharges/alpha0_3/Beasley/p9_2.txt	50	5	5	2	0.01068115234375	AB	230.844664636779	230.844664636779	230.844664636779	230.844664636779
instancesSurcharges/alpha0_3/Beasley/p9_3.txt	50	5	10	2	0.015252113342285156	AB	584.9343858625908	584.9343858625908	584.9343858625908	584.9343858625908
instancesSurcharges/alpha0_3/Beasley/p9_4.txt	50	5	15	2	0.03364896774291992	AB	687.2454721480507	687.2454721480507	687.2454721480507	687.2454721480507
instancesSurcharges/alpha0_3/Beasley/p9_5.txt	50	5	20	2	0.044647932052612305	AB	1024.5628147602908	1024.5628147602908	1024.5628147602908	1024.5628147602908
instancesSurcharges/alpha0_3/GalvaoData/G1_1.txt	100	5	3	3	0.15356206893920898	AB	None	None	None	None
instancesSurcharges/alpha0_3/GalvaoData/G1_2.txt	100	5	5	3	0.25244712829589844	AB	None	None	None	None
instancesSurcharges/alpha0_3/GalvaoData/G1_3.txt	100	5	10	2	0.08440113067626953	AB	1797.9240586148458	1797.9240586148458	1797.9240586148458	1797.9240586148458
instancesSurcharges/alpha0_3/GalvaoData/G1_4.txt	100	5	15	2	0.1270160675048828	AB	2849.9194093630194	2849.9194093630194	2849.9194093630194	2849.9194093630194
instancesSurcharges/alpha0_3/GalvaoData/G1_5.txt	100	5	20	2	0.19250893592834473	AB	3637.498056867129	3637.498056867129	3637.498056867129	3637.498056867129
instancesSurcharges/alpha0_3/GalvaoData/G2_1.txt	100	5	3	2	0.04669380187988281	AB	490.21065838399903	490.21065838399903	490.2106583839974	490.2106583839974
instancesSurcharges/alpha0_3/GalvaoData/G2_2.txt	100	5	5	2	0.05988502502441406	AB	771.7515965749752	771.7515965749752	771.7515965749752	771.7515965749752
instancesSurcharges/alpha0_3/GalvaoData/G2_3.txt	100	5	10	2	0.09399199485778809	AB	1677.677640166784	1677.677640166784	1677.677640166784	1677.677640166784
instancesSurcharges/alpha0_3/GalvaoData/G2_4.txt	100	5	15	2	0.13156986236572266	AB	2611.629195803779	2611.629195803779	2611.629195803779	2611.629195803779
instancesSurcharges/alpha0_3/GalvaoData/G2_5.txt	100	5	20	2	0.18584108352661133	AB	3513.123662413855	3513.123662413855	3513.123662413855	3513.123662413855
instancesSurcharges/alpha0_3/GalvaoData/G3_1.txt	100	10	3	3	0.14871597290039062	AB	None	None	None	None
instancesSurcharges/alpha0_3/GalvaoData/G3_2.txt	100	10	5	3	0.25964999198913574	AB	None	None	None	None
instancesSurcharges/alpha0_3/GalvaoData/G3_3.txt	100	10	10	2	0.09043192863464355	AB	1695.3912472918435	1695.3912472918435	1695.3912472918425	1695.3912472918425
instancesSurcharges/alpha0_3/GalvaoData/G3_4.txt	100	10	15	2	0.12923312187194824	AB	2763.227662490479	2763.227662490479	2763.227662490479	2763.227662490479
instancesSurcharges/alpha0_3/GalvaoData/G3_5.txt	100	10	20	2	0.19047808647155762	AB	3501.2277739353995	3501.2277739353995	3501.2277739353995	3501.2277739353995
instancesSurcharges/alpha0_3/GalvaoData/G4_1.txt	100	10	3	2	0.03561687469482422	AB	440.72612087034565	440.72612087034565	440.7261208703259	440.7261208703259
instancesSurcharges/alpha0_3/GalvaoData/G4_2.txt	100	10	5	2	0.05413985252380371	AB	695.9694714363436	695.9694714363436	695.9694714363396	695.9694714363396
instancesSurcharges/alpha0_3/GalvaoData/G4_3.txt	100	10	10	2	0.08419609069824219	AB	1487.1066666508325	1487.1066666508325	1487.1066666508325	1487.1066666508325
instancesSurcharges/alpha0_3/GalvaoData/G4_4.txt	100	10	15	2	0.15660500526428223	AB	2449.5926014321553	2449.5926014321553	2449.592601432183	2449.592601432183
instancesSurcharges/alpha0_3/GalvaoData/G4_5.txt	100	10	20	2	0.17352795600891113	AB	3201.5348979628507	3201.5348979628507	3201.5348979628507	3201.5348979628507
instancesSurcharges/alpha0_3/GalvaoData/G5_1.txt	150	10	3	3	0.3594660758972168	AB	None	None	None	None
instancesSurcharges/alpha0_3/GalvaoData/G5_2.txt	150	10	5	2	0.09684395790100098	AB	1059.6961329031462	1059.6961329031462	1059.6961329031462	1059.6961329031462
instancesSurcharges/alpha0_3/GalvaoData/G5_3.txt	150	10	10	2	0.24552392959594727	AB	1894.40207297051	1894.40207297051	1894.40207297051	1894.40207297051
instancesSurcharges/alpha0_3/GalvaoData/G5_4.txt	150	10	15	3	3.8281760215759277	AB	None	None	None	None
instancesSurcharges/alpha0_3/GalvaoData/G5_5.txt	150	10	20	3	10.04085111618042	AB	0.0	inf	None	None
instancesSurcharges/alpha0_3/GalvaoData/G6_1.txt	150	10	3	2	0.06675910949707031	AB	596.0033077729483	596.0033077729483	596.0033077729483	596.0033077729483
instancesSurcharges/alpha0_3/GalvaoData/G6_2.txt	150	10	5	2	0.11614990234375	AB	915.9015106079715	915.9015106079715	915.9015106079715	915.9015106079715
instancesSurcharges/alpha0_3/GalvaoData/G6_3.txt	150	10	10	2	0.2124648094177246	AB	1807.8237176786834	1807.8237176786834	1807.8237176786834	1807.8237176786834
instancesSurcharges/alpha0_3/GalvaoData/G6_4.txt	150	10	15	2	0.39307188987731934	AB	2862.4777938254547	2862.4777938254547	2862.4777938254547	2862.4777938254547
instancesSurcharges/alpha0_3/GalvaoData/G6_5.txt	150	10	20	2	0.47036194801330566	AB	3661.6388208214985	3661.6388208214985	3661.6388208215003	3661.6388208215003
instancesSurcharges/alpha0_3/GalvaoData/G7_1.txt	150	15	3	3	0.3439610004425049	AB	None	None	None	None
instancesSurcharges/alpha0_3/GalvaoData/G7_2.txt	150	15	5	3	1.0003299713134766	AB	None	None	None	None
instancesSurcharges/alpha0_3/GalvaoData/G7_3.txt	150	15	10	2	0.20169591903686523	AB	1828.9964898330284	1828.9964898330284	1828.9964898330284	1828.9964898330284
instancesSurcharges/alpha0_3/GalvaoData/G7_4.txt	150	15	15	3	5.047192096710205	AB	None	None	None	None
instancesSurcharges/alpha0_3/GalvaoData/G7_5.txt	150	15	20	3	76.37837386131287	AB	0.0	inf	None	None
instancesSurcharges/alpha0_3/GalvaoData/G8_1.txt	150	15	3	3	0.3273298740386963	AB	None	None	None	None
instancesSurcharges/alpha0_3/GalvaoData/G8_2.txt	150	15	5	2	0.0953969955444336	AB	844.3840687844439	844.3840687844439	844.384068784434	844.384068784434
instancesSurcharges/alpha0_3/GalvaoData/G8_3.txt	150	15	10	2	0.21819806098937988	AB	1753.9179474611283	1753.9179474611283	1753.9179474611283	1753.9179474611283
instancesSurcharges/alpha0_3/GalvaoData/G8_4.txt	150	15	15	2	0.37889790534973145	AB	2848.615041815316	2848.615041815316	2848.615041815316	2848.615041815316
instancesSurcharges/alpha0_3/GalvaoData/G8_5.txt	150	15	20	2	0.46884894371032715	AB	3529.7556151694516	3529.7556151694516	3529.7556151694503	3529.7556151694503
instancesSurcharges/alpha0_3/Lorena/SJC1_1.dat	100	10	3	3	0.15295791625976562	AB	None	None	None	None
instancesSurcharges/alpha0_3/Lorena/SJC1_2.dat	100	10	5	3	0.2703268527984619	AB	None	None	None	None
instancesSurcharges/alpha0_3/Lorena/SJC1_3.dat	100	10	10	3	0.989016056060791	AB	None	None	None	None
instancesSurcharges/alpha0_3/Lorena/SJC1_4.dat	100	10	15	3	1.48813796043396	AB	None	None	None	None
instancesSurcharges/alpha0_3/Lorena/SJC1_5.dat	100	10	20	2	0.17247891426086426	AB	21150.72046820136	21150.72046820136	21150.72046820137	21150.72046820137
instancesSurcharges/alpha0_3/Lorena/SJC2_1.dat	200	15	3	2	0.5591590404510498	AB	1724.3744510231732	1724.3744510231732	1724.374451023163	1724.374451023163
instancesSurcharges/alpha0_3/Lorena/SJC2_2.dat	200	15	5	2	0.2250080108642578	AB	4201.193956101106	4201.193956101106	4201.193956093355	4201.193956093355
instancesSurcharges/alpha0_3/Lorena/SJC2_3.dat	200	15	10	2	0.5078201293945312	AB	6221.956751025766	6221.956751025766	6221.956751025679	6221.956751025679
instancesSurcharges/alpha0_3/Lorena/SJC2_4.dat	200	15	15	2	0.698667049407959	AB	9588.060089765175	9588.060089765175	9588.060089765168	9588.060089765168
instancesSurcharges/alpha0_3/Lorena/SJC2_5.dat	200	15	20	2	0.9178729057312012	AB	12016.378868467971	12016.378868467971	12016.378868468038	12016.378868468038
instancesSurcharges/alpha0_3/Lorena/SJC3a_1.dat	300	25	3	2	0.3078629970550537	AB	1420.0081438464902	1420.0081438464902	1420.00814384649	1420.00814384649
instancesSurcharges/alpha0_3/Lorena/SJC3a_2.dat	300	25	5	2	0.5303499698638916	AB	2507.766256503675	2507.766256503675	2507.7662565036553	2507.7662565036553
instancesSurcharges/alpha0_3/Lorena/SJC3a_3.dat	300	25	10	2	2960.4181439876556	AB	973.0	inf	5768.758289588178	5768.758289588178
instancesSurcharges/alpha0_3/Lorena/SJC3a_4.dat	300	25	15	9	3600.0171489715576	AB	1196.7342657342658	inf	624.3918918918914	inf
instancesSurcharges/alpha0_3/Lorena/SJC3a_5.dat	300	25	20	9	3600.0051078796387	AB	3472.0	inf	608.0	inf
instancesSurcharges/alpha0_3/Lorena/SJC3b_1.dat	300	30	3	2	0.3045830726623535	AB	1365.0	1365.0	1365.0	1365.0
instancesSurcharges/alpha0_3/Lorena/SJC3b_2.dat	300	30	5	2	0.53131103515625	AB	2361.0	2361.0	2361.0	2361.0
instancesSurcharges/alpha0_3/Lorena/SJC3b_3.dat	300	30	10	2	1.2270309925079346	AB	5555.128891609244	5555.128891609244	5555.128891609244	5555.128891609244
instancesSurcharges/alpha0_3/Lorena/SJC3b_4.dat	300	30	15	2	3027.0640919208527	AB	1196.7342657342658	inf	9485.0	9485.0
instancesSurcharges/alpha0_3/Lorena/SJC3b_5.dat	300	30	20	9	3600.009999036789	AB	3472.0	inf	608.0	inf
instancesSurcharges/alpha0_3/Lorena/SJC4a_1.dat	402	30	3	2	0.6422450542449951	AB	1517.0	1517.0	1517.0	1517.0
instancesSurcharges/alpha0_3/Lorena/SJC4a_2.dat	402	30	5	2	0.9751391410827637	AB	2506.8749962263237	2506.8749962263237	2506.8749962263237	2506.8749962263237
instancesSurcharges/alpha0_3/Lorena/SJC4a_3.dat	402	30	10	9	3600.0487728118896	AB	1853.999999999998	inf	1668.4848484848483	inf
instancesSurcharges/alpha0_3/Lorena/SJC4a_4.dat	402	30	15	9	3600.0215311050415	AB	348.0	inf	496.99999999999983	inf
instancesSurcharges/alpha0_3/Lorena/SJC4a_5.dat	402	30	20	9	3600.02868103981	AB	232.99999999999997	inf	416.00000000000006	inf
instancesSurcharges/alpha0_3/Lorena/SJC4b_1.dat	402	40	3	2	0.7257421016693115	AB	1517.0	1517.0	1517.0	1517.0
instancesSurcharges/alpha0_3/Lorena/SJC4b_2.dat	402	40	5	2	1.069244146347046	AB	2458.0	2458.0	2458.0	2458.0
instancesSurcharges/alpha0_3/Lorena/SJC4b_3.dat	402	40	10	9	3600.010232925415	AB	1853.999999999998	inf	1668.4848484848483	inf
instancesSurcharges/alpha0_3/Lorena/SJC4b_4.dat	402	40	15	9	3600.531529903412	AB	348.0	inf	496.99999999999983	inf
instancesSurcharges/alpha0_3/Lorena/SJC4b_5.dat	402	40	20	9	3600.0089371204376	AB	232.99999999999997	inf	416.00000000000006	inf
instancesSurcharges/alpha0_3/pmed/pmed10_1.txt	200	67	3	2	0.13240790367126465	AB	302.0	302.0	302.0	302.0
instancesSurcharges/alpha0_3/pmed/pmed10_2.txt	200	67	5	2	0.23011302947998047	AB	671.0	671.0	671.0	671.0
instancesSurcharges/alpha0_3/pmed/pmed10_3.txt	200	67	10	2	0.43580007553100586	AB	1225.0	1225.0	1225.0	1225.0
instancesSurcharges/alpha0_3/pmed/pmed10_4.txt	200	67	15	2	0.588839054107666	AB	1534.0	1534.0	1534.0	1534.0
instancesSurcharges/alpha0_3/pmed/pmed10_5.txt	200	67	20	2	0.8651270866394043	AB	1981.0	1981.0	1981.0	1981.0
instancesSurcharges/alpha0_3/pmed/pmed11_1.txt	300	5	3	2	0.38962793350219727	AB	322.94896604856046	322.94896604856046	322.94896604856046	322.94896604856046
instancesSurcharges/alpha0_3/pmed/pmed11_2.txt	300	5	5	2	0.5580430030822754	AB	561.098786620391	561.098786620391	561.098786620391	561.098786620391
instancesSurcharges/alpha0_3/pmed/pmed11_3.txt	300	5	10	2	1.0562748908996582	AB	1078.0274566916028	1078.0274566916028	1078.0274566916028	1078.0274566916028
instancesSurcharges/alpha0_3/pmed/pmed11_4.txt	300	5	15	2	1.5600519180297852	AB	1607.0787964380963	1607.0787964380963	1607.0787964380963	1607.0787964380963
instancesSurcharges/alpha0_3/pmed/pmed11_5.txt	300	5	20	2	2.101853847503662	AB	2129.3832526384895	2129.3832526384895	2129.3832526384895	2129.3832526384895
instancesSurcharges/alpha0_3/pmed/pmed12_1.txt	300	10	3	2	0.30045604705810547	AB	396.0	396.0	396.0	396.0
instancesSurcharges/alpha0_3/pmed/pmed12_2.txt	300	10	5	2	0.559514045715332	AB	590.48837606186	590.48837606186	590.48837606186	590.48837606186
instancesSurcharges/alpha0_3/pmed/pmed12_3.txt	300	10	10	2	1.0687470436096191	AB	1004.7995403784707	1004.7995403784707	1004.7995403784707	1004.7995403784707
instancesSurcharges/alpha0_3/pmed/pmed12_4.txt	300	10	15	2	1.5244169235229492	AB	1527.98825071135	1527.98825071135	1527.9882507113502	1527.9882507113502
instancesSurcharges/alpha0_3/pmed/pmed12_5.txt	300	10	20	2	1.9655370712280273	AB	2261.3261944430474	2261.3261944430474	2261.3261944430474	2261.3261944430474
instancesSurcharges/alpha0_3/pmed/pmed13_1.txt	300	30	3	2	0.3233377933502197	AB	323.0	323.0	323.0	323.0
instancesSurcharges/alpha0_3/pmed/pmed13_2.txt	300	30	5	2	0.6053309440612793	AB	516.0	516.0	516.0	516.0
instancesSurcharges/alpha0_3/pmed/pmed13_3.txt	300	30	10	2	1.2081019878387451	AB	968.0	968.0	968.0	968.0
instancesSurcharges/alpha0_3/pmed/pmed13_4.txt	300	30	15	2	1.440641164779663	AB	1452.0	1452.0	1452.0	1452.0
instancesSurcharges/alpha0_3/pmed/pmed13_5.txt	300	30	20	2	2.0560450553894043	AB	1798.0	1798.0	1798.0	1798.0
instancesSurcharges/alpha0_3/pmed/pmed14_1.txt	300	60	3	2	0.303192138671875	AB	370.0	370.0	370.0	370.0
instancesSurcharges/alpha0_3/pmed/pmed14_2.txt	300	60	5	2	0.595102071762085	AB	610.0	610.0	610.0	610.0
instancesSurcharges/alpha0_3/pmed/pmed14_3.txt	300	60	10	2	1.0610370635986328	AB	1231.0	1231.0	1231.0	1231.0
instancesSurcharges/alpha0_3/pmed/pmed14_4.txt	300	60	15	2	1.5027129650115967	AB	1627.0	1627.0	1627.0	1627.0
instancesSurcharges/alpha0_3/pmed/pmed14_5.txt	300	60	20	2	2.1505799293518066	AB	2098.0	2098.0	2098.0	2098.0
instancesSurcharges/alpha0_3/pmed/pmed15_1.txt	300	100	3	2	0.3098289966583252	AB	275.0	275.0	275.0	275.0
instancesSurcharges/alpha0_3/pmed/pmed15_2.txt	300	100	5	2	0.5206260681152344	AB	486.0	486.0	486.0	486.0
instancesSurcharges/alpha0_3/pmed/pmed15_3.txt	300	100	10	2	1.061161994934082	AB	1043.0	1043.0	1043.0	1043.0
instancesSurcharges/alpha0_3/pmed/pmed15_4.txt	300	100	15	2	1.5654749870300293	AB	1261.0	1261.0	1261.0	1261.0
instancesSurcharges/alpha0_3/pmed/pmed15_5.txt	300	100	20	2	1.9252521991729736	AB	2069.0	2069.0	2069.0	2069.0
instancesSurcharges/alpha0_3/pmed/pmed16_1.txt	400	5	3	2	0.6112370491027832	AB	276.0610946211603	276.0610946211603	276.0610946211603	276.0610946211603
instancesSurcharges/alpha0_3/pmed/pmed16_2.txt	400	5	5	2	1.0804798603057861	AB	428.902780322491	428.902780322491	428.902780322491	428.902780322491
instancesSurcharges/alpha0_3/pmed/pmed16_3.txt	400	5	10	2	2.1646041870117188	AB	866.1825192600868	866.1825192600868	866.1825192600868	866.1825192600868
instancesSurcharges/alpha0_3/pmed/pmed16_4.txt	400	5	15	2	2.9275951385498047	AB	1356.553833369438	1356.553833369438	1356.553833369438	1356.553833369438
instancesSurcharges/alpha0_3/pmed/pmed16_5.txt	400	5	20	2	3.841475009918213	AB	1763.2330834038394	1763.2330834038394	1763.2330834038394	1763.2330834038394
instancesSurcharges/alpha0_3/pmed/pmed17_1.txt	400	10	3	2	0.6311061382293701	AB	225.0	225.0	225.0	225.0
instancesSurcharges/alpha0_3/pmed/pmed17_2.txt	400	10	5	2	0.961982011795044	AB	368.1191164040315	368.1191164040315	368.11911640402775	368.11911640402775
instancesSurcharges/alpha0_3/pmed/pmed17_3.txt	400	10	10	2	2.1133530139923096	AB	774.1224000276343	774.1224000276343	774.1224000276343	774.1224000276343
instancesSurcharges/alpha0_3/pmed/pmed17_4.txt	400	10	15	2	2.91257905960083	AB	1111.7927661829626	1111.7927661829626	1111.7927661829626	1111.7927661829626
instancesSurcharges/alpha0_3/pmed/pmed17_5.txt	400	10	20	2	4.613867998123169	AB	1517.9154364856827	1517.9154364856827	1517.9154364856827	1517.9154364856827
instancesSurcharges/alpha0_3/pmed/pmed18_1.txt	400	40	3	2	0.6096420288085938	AB	301.0	301.0	301.0	301.0
instancesSurcharges/alpha0_3/pmed/pmed18_2.txt	400	40	5	2	0.9055948257446289	AB	538.0	538.0	538.0	538.0
instancesSurcharges/alpha0_3/pmed/pmed18_3.txt	400	40	10	2	2.0739479064941406	AB	988.0	988.0	988.0	988.0
instancesSurcharges/alpha0_3/pmed/pmed18_4.txt	400	40	15	2	2.734052896499634	AB	1171.9999999999998	1171.9999999999998	1171.9999999999998	1171.9999999999998
instancesSurcharges/alpha0_3/pmed/pmed18_5.txt	400	40	20	2	3.7344720363616943	AB	1875.0	1875.0	1875.0	1875.0
instancesSurcharges/alpha0_3/pmed/pmed19_1.txt	400	80	3	2	0.5999438762664795	AB	211.0	211.0	211.0	211.0
instancesSurcharges/alpha0_3/pmed/pmed19_2.txt	400	80	5	2	0.9935381412506104	AB	332.0	332.0	332.0	332.0
instancesSurcharges/alpha0_3/pmed/pmed19_3.txt	400	80	10	2	2.009822130203247	AB	707.0	707.0	707.0	707.0
instancesSurcharges/alpha0_3/pmed/pmed19_4.txt	400	80	15	2	2.890673875808716	AB	1027.0	1027.0	1027.0	1027.0
instancesSurcharges/alpha0_3/pmed/pmed19_5.txt	400	80	20	2	3.623185873031616	AB	1336.0	1336.0	1336.0	1336.0
instancesSurcharges/alpha0_3/pmed/pmed1_1.txt	100	5	3	2	0.035784006118774414	AB	631.5354146335312	631.5354146335312	631.5354146335312	631.5354146335312
instancesSurcharges/alpha0_3/pmed/pmed1_2.txt	100	5	5	2	0.04959702491760254	AB	1033.1972162754644	1033.1972162754644	1033.1972162754644	1033.1972162754644
instancesSurcharges/alpha0_3/pmed/pmed1_3.txt	100	5	10	2	0.10053396224975586	AB	2275.6282344737933	2275.6282344737933	2275.6282344737933	2275.6282344737933
instancesSurcharges/alpha0_3/pmed/pmed1_4.txt	100	5	15	2	0.12386012077331543	AB	3566.8548228609166	3566.8548228609166	3566.8548228609166	3566.8548228609166
instancesSurcharges/alpha0_3/pmed/pmed1_5.txt	100	5	20	2	0.19429898262023926	AB	4940.987918546982	4940.987918546982	4940.987918546982	4940.987918546982
instancesSurcharges/alpha0_3/pmed/pmed20_1.txt	400	133	3	2	0.6263670921325684	AB	272.0	272.0	272.0	272.0
instancesSurcharges/alpha0_3/pmed/pmed20_2.txt	400	133	5	2	1.0430471897125244	AB	380.0	380.0	380.0	380.0
instancesSurcharges/alpha0_3/pmed/pmed20_3.txt	400	133	10	2	1.9754409790039062	AB	791.0	791.0	791.0	791.0
instancesSurcharges/alpha0_3/pmed/pmed20_4.txt	400	133	15	2	3.2043840885162354	AB	1106.0	1106.0	1106.0	1106.0
instancesSurcharges/alpha0_3/pmed/pmed20_5.txt	400	133	20	2	3.8221471309661865	AB	1571.0	1571.0	1571.0	1571.0
instancesSurcharges/alpha0_3/pmed/pmed21_1.txt	500	5	3	2	1.1964740753173828	AB	210.46341467108505	210.46341467108505	210.46341467108505	210.46341467108505
instancesSurcharges/alpha0_3/pmed/pmed21_2.txt	500	5	5	2	1.7639248371124268	AB	358.3334682970766	358.3334682970766	358.3334682970766	358.3334682970766
instancesSurcharges/alpha0_3/pmed/pmed21_3.txt	500	5	10	2	3.590156078338623	AB	722.2797622302097	722.2797622302097	722.2797622302097	722.2797622302097
instancesSurcharges/alpha0_3/pmed/pmed21_4.txt	500	5	15	2	1496.7057271003723	AB	747.0	inf	1084.6077241798134	1084.6077241798134
instancesSurcharges/alpha0_3/pmed/pmed21_5.txt	500	5	20	9	3600.014844894409	AB	1223.5	inf	1223.296296296296	inf
instancesSurcharges/alpha0_3/pmed/pmed22_1.txt	500	10	3	2	1.1016998291015625	AB	201.60186669042739	201.60186669042739	201.60186669042739	201.60186669042739
instancesSurcharges/alpha0_3/pmed/pmed22_2.txt	500	10	5	2	1.6624109745025635	AB	340.99211254235183	340.99211254235183	340.99211254235183	340.99211254235183
instancesSurcharges/alpha0_3/pmed/pmed22_3.txt	500	10	10	2	3.729167938232422	AB	766.2292568481533	766.2292568481533	766.2292568481533	766.2292568481533
instancesSurcharges/alpha0_3/pmed/pmed22_4.txt	500	10	15	2	4.644841909408569	AB	1247.8512593143544	1247.8512593143544	1247.8512593143544	1247.8512593143544
instancesSurcharges/alpha0_3/pmed/pmed22_5.txt	500	10	20	2	6.479291915893555	AB	1725.5526735400833	1725.5526735400833	1725.5526735400833	1725.5526735400833
instancesSurcharges/alpha0_3/pmed/pmed23_1.txt	500	50	3	2	1.0662479400634766	AB	189.0	189.0	189.0	189.0
instancesSurcharges/alpha0_3/pmed/pmed23_2.txt	500	50	5	2	1.6035630702972412	AB	320.0	320.0	320.0	320.0
instancesSurcharges/alpha0_3/pmed/pmed23_3.txt	500	50	10	2	3.5236690044403076	AB	644.0	644.0	644.0	644.0
instancesSurcharges/alpha0_3/pmed/pmed23_4.txt	500	50	15	2	4.545889139175415	AB	972.0	972.0	972.0	972.0
instancesSurcharges/alpha0_3/pmed/pmed23_5.txt	500	50	20	2	6.089140892028809	AB	1250.0	1250.0	1250.0	1250.0
instancesSurcharges/alpha0_3/pmed/pmed24_1.txt	500	100	3	2	1.1717829704284668	AB	186.0	186.0	186.0	186.0
instancesSurcharges/alpha0_3/pmed/pmed24_2.txt	500	100	5	2	1.576786994934082	AB	297.0	297.0	297.0	297.0
instancesSurcharges/alpha0_3/pmed/pmed24_3.txt	500	100	10	2	3.405243158340454	AB	757.0	757.0	757.0	757.0
instancesSurcharges/alpha0_3/pmed/pmed24_4.txt	500	100	15	2	4.720932960510254	AB	881.0	881.0	881.0	881.0
instancesSurcharges/alpha0_3/pmed/pmed24_5.txt	500	100	20	2	6.135814905166626	AB	1389.0	1389.0	1389.0	1389.0
instancesSurcharges/alpha0_3/pmed/pmed25_1.txt	500	167	3	2	1.0627620220184326	AB	253.0	253.0	253.0	253.0
instancesSurcharges/alpha0_3/pmed/pmed25_2.txt	500	167	5	2	1.5797250270843506	AB	480.0	480.0	480.0	480.0
instancesSurcharges/alpha0_3/pmed/pmed25_3.txt	500	167	10	2	3.9290990829467773	AB	594.0	594.0	594.0	594.0
instancesSurcharges/alpha0_3/pmed/pmed25_4.txt	500	167	15	2	4.399258136749268	AB	1337.0	1337.0	1337.0	1337.0
instancesSurcharges/alpha0_3/pmed/pmed25_5.txt	500	167	20	2	7.25934100151062	AB	1678.0	1678.0	1678.0	1678.0
instancesSurcharges/alpha0_3/pmed/pmed26_1.txt	600	5	3	2	1.6228699684143066	AB	209.89647472482278	209.89647472482278	209.89647472482278	209.89647472482278
instancesSurcharges/alpha0_3/pmed/pmed26_2.txt	600	5	5	2	2.7983460426330566	AB	341.7346804270716	341.7346804270716	341.7346804270716	341.7346804270716
instancesSurcharges/alpha0_3/pmed/pmed26_3.txt	600	5	10	2	4.731283187866211	AB	707.7631415354224	707.7631415354224	707.7631415354224	707.7631415354224
instancesSurcharges/alpha0_3/pmed/pmed26_4.txt	600	5	15	2	2153.188585996628	AB	756.25	inf	1082.1944044000788	1082.1944044000788
instancesSurcharges/alpha0_3/pmed/pmed26_5.txt	600	5	20	9	3600.035875082016	AB	1118.0	inf	1097.8285714285712	inf
instancesSurcharges/alpha0_3/pmed/pmed27_1.txt	600	10	3	2	1.6345229148864746	AB	184.4520092870036	184.4520092870036	184.4520092870036	184.4520092870036
instancesSurcharges/alpha0_3/pmed/pmed27_2.txt	600	10	5	2	2.7301628589630127	AB	317.8018238853896	317.8018238853896	317.8018238853896	317.8018238853896
instancesSurcharges/alpha0_3/pmed/pmed27_3.txt	600	10	10	2	4.6969380378723145	AB	660.6475032319867	660.6475032319867	660.6475032319867	660.6475032319867
instancesSurcharges/alpha0_3/pmed/pmed27_4.txt	600	10	15	2	7.02151894569397	AB	999.5788720547004	999.5788720547004	999.5788720547004	999.5788720547004
instancesSurcharges/alpha0_3/pmed/pmed27_5.txt	600	10	20	9	3600.031359910965	AB	1049.5571428571427	inf	994.0	inf
instancesSurcharges/alpha0_3/pmed/pmed28_1.txt	600	60	3	2	1.750044822692871	AB	181.0	181.0	181.0	181.0
instancesSurcharges/alpha0_3/pmed/pmed28_2.txt	600	60	5	2	2.8200371265411377	AB	483.0	483.0	483.0	483.0
instancesSurcharges/alpha0_3/pmed/pmed28_3.txt	600	60	10	2	4.648114204406738	AB	857.0	857.0	857.0	857.0
instancesSurcharges/alpha0_3/pmed/pmed28_4.txt	600	60	15	2	6.8198020458221436	AB	1250.0	1250.0	1250.0	1250.0
instancesSurcharges/alpha0_3/pmed/pmed28_5.txt	600	60	20	2	9.087425947189331	AB	1571.0	1571.0	1571.0	1571.0
instancesSurcharges/alpha0_3/pmed/pmed29_1.txt	600	120	3	2	1.6197819709777832	AB	172.0	172.0	172.0	172.0
instancesSurcharges/alpha0_3/pmed/pmed29_2.txt	600	120	5	2	2.7898759841918945	AB	366.0	366.0	366.0	366.0
instancesSurcharges/alpha0_3/pmed/pmed29_3.txt	600	120	10	2	4.8398120403289795	AB	632.0	632.0	632.0	632.0
instancesSurcharges/alpha0_3/pmed/pmed29_4.txt	600	120	15	2	6.962270021438599	AB	1110.0	1110.0	1110.0	1110.0
instancesSurcharges/alpha0_3/pmed/pmed29_5.txt	600	120	20	2	9.011088848114014	AB	1239.0	1239.0	1239.0	1239.0
instancesSurcharges/alpha0_3/pmed/pmed2_1.txt	100	10	3	2	0.03812003135681152	AB	568.0	568.0	568.0	568.0
instancesSurcharges/alpha0_3/pmed/pmed2_2.txt	100	10	5	2	0.046553850173950195	AB	992.0	992.0	992.0	992.0
instancesSurcharges/alpha0_3/pmed/pmed2_3.txt	100	10	10	2	0.07715296745300293	AB	2001.370134126603	2001.370134126603	2001.370134126603	2001.370134126603
instancesSurcharges/alpha0_3/pmed/pmed2_4.txt	100	10	15	2	0.11588096618652344	AB	3201.572591539016	3201.572591539016	3201.572591539016	3201.572591539016
instancesSurcharges/alpha0_3/pmed/pmed2_5.txt	100	10	20	2	0.15394806861877441	AB	4220.407678654383	4220.407678654383	4220.407678654383	4220.407678654383
instancesSurcharges/alpha0_3/pmed/pmed30_1.txt	600	200	3	2	1.6619110107421875	AB	223.0	223.0	223.0	223.0
instancesSurcharges/alpha0_3/pmed/pmed30_2.txt	600	200	5	2	2.6911509037017822	AB	296.0	296.0	296.0	296.0
instancesSurcharges/alpha0_3/pmed/pmed30_3.txt	600	200	10	2	4.612977027893066	AB	688.0	688.0	688.0	688.0
instancesSurcharges/alpha0_3/pmed/pmed30_4.txt	600	200	15	2	7.074243068695068	AB	1231.9999999999998	1231.9999999999998	1231.9999999999998	1231.9999999999998
instancesSurcharges/alpha0_3/pmed/pmed30_5.txt	600	200	20	2	8.993859052658081	AB	1189.0	1189.0	1189.0	1189.0
instancesSurcharges/alpha0_3/pmed/pmed31_1.txt	700	5	3	2	2.587562084197998	AB	163.67068414606052	163.67068414606052	163.67068414606052	163.67068414606052
instancesSurcharges/alpha0_3/pmed/pmed31_2.txt	700	5	5	2	4.076503038406372	AB	276.067773811948	276.067773811948	276.067773811948	276.067773811948
instancesSurcharges/alpha0_3/pmed/pmed31_3.txt	700	5	10	2	6.825700998306274	AB	557.761468855333	557.761468855333	557.761468855333	557.761468855333
instancesSurcharges/alpha0_3/pmed/pmed31_4.txt	700	5	15	9	3600.026374101639	AB	540.5208333333333	inf	587.4603729603729	inf
instancesSurcharges/alpha0_3/pmed/pmed31_5.txt	700	5	20	9	3600.0294020175934	AB	724.5555555555554	inf	734.9999999999999	inf
instancesSurcharges/alpha0_3/pmed/pmed32_1.txt	700	10	3	2	2.4304311275482178	AB	446.0	446.0	446.0	446.0
instancesSurcharges/alpha0_3/pmed/pmed32_2.txt	700	10	5	2	4.10768985748291	AB	344.0	344.0	344.0	344.0
instancesSurcharges/alpha0_3/pmed/pmed32_3.txt	700	10	10	2	6.977823972702026	AB	1030.7938568305917	1030.7938568305917	1030.7938568305917	1030.7938568305917
instancesSurcharges/alpha0_3/pmed/pmed32_4.txt	700	10	15	9	3600.0407581329346	AB	647.9999999999999	inf	691.9999999999999	inf
instancesSurcharges/alpha0_3/pmed/pmed32_5.txt	700	10	20	9	3600.0306520462036	AB	926.6666666666664	inf	1091.0	inf
instancesSurcharges/alpha0_3/pmed/pmed33_1.txt	700	70	3	2	2.3478238582611084	AB	159.0	159.0	159.0	159.0
instancesSurcharges/alpha0_3/pmed/pmed33_2.txt	700	70	5	2	3.686746120452881	AB	206.0	206.0	206.0	206.0
instancesSurcharges/alpha0_3/pmed/pmed33_3.txt	700	70	10	2	7.572613000869751	AB	505.0	505.0	505.0	505.0
instancesSurcharges/alpha0_3/pmed/pmed33_4.txt	700	70	15	2	10.25112795829773	AB	719.0	719.0	719.0	719.0
instancesSurcharges/alpha0_3/pmed/pmed33_5.txt	700	70	20	9	3600.0712220668793	AB	916.1111111111111	inf	948.9333333333334	inf
instancesSurcharges/alpha0_3/pmed/pmed34_1.txt	700	140	3	2	2.3081839084625244	AB	270.0	270.0	270.0	270.0
instancesSurcharges/alpha0_3/pmed/pmed34_2.txt	700	140	5	2	3.639683961868286	AB	253.0	253.0	253.0	253.0
instancesSurcharges/alpha0_3/pmed/pmed34_3.txt	700	140	10	2	6.5788938999176025	AB	736.0	736.0	736.0	736.0
instancesSurcharges/alpha0_3/pmed/pmed34_4.txt	700	140	15	2	10.475911140441895	AB	873.0	873.0	873.0	873.0
instancesSurcharges/alpha0_3/pmed/pmed34_5.txt	700	140	20	2	13.034035205841064	AB	1155.0	1155.0	1155.0	1155.0
instancesSurcharges/alpha0_3/pmed/pmed35_1.txt	800	5	3	2	3.841871976852417	AB	181.4466958366138	181.4466958366138	181.4466958366138	181.4466958366138
instancesSurcharges/alpha0_3/pmed/pmed35_2.txt	800	5	5	2	5.134785890579224	AB	279.87080088340946	279.87080088340946	279.87080088340946	279.87080088340946
instancesSurcharges/alpha0_3/pmed/pmed35_3.txt	800	5	10	2	10.132344007492065	AB	619.6494509909644	619.6494509909644	619.6494509909643	619.6494509909643
instancesSurcharges/alpha0_3/pmed/pmed35_4.txt	800	5	15	2	14.315935850143433	AB	923.6013839852259	923.6013839852259	923.6013839852259	923.6013839852259
instancesSurcharges/alpha0_3/pmed/pmed35_5.txt	800	5	20	9	3603.1156480312347	AB	1099.8412698412696	inf	1144.545454545454	inf
instancesSurcharges/alpha0_3/pmed/pmed36_1.txt	800	10	3	2	3.56895112991333	AB	237.0	237.0	237.0	237.0
instancesSurcharges/alpha0_3/pmed/pmed36_2.txt	800	10	5	2	5.389985084533691	AB	288.1769320656854	288.1769320656854	288.1769320656849	288.1769320656849
instancesSurcharges/alpha0_3/pmed/pmed36_3.txt	800	10	10	2	10.104608058929443	AB	725.2806265930446	725.2806265930446	725.2806265930446	725.2806265930446
instancesSurcharges/alpha0_3/pmed/pmed36_4.txt	800	10	15	2	2400.482959985733	AB	1058.0	inf	1121.371042327459	1121.371042327459
instancesSurcharges/alpha0_3/pmed/pmed36_5.txt	800	10	20	9	3600.0609090328217	AB	1484.9999999999998	inf	1599.0	inf
instancesSurcharges/alpha0_3/pmed/pmed37_1.txt	800	80	3	2	3.4808101654052734	AB	231.0	231.0	231.0	231.0
instancesSurcharges/alpha0_3/pmed/pmed37_2.txt	800	80	5	2	5.807714939117432	AB	263.0	263.0	263.0	263.0
instancesSurcharges/alpha0_3/pmed/pmed37_3.txt	800	80	10	2	10.786635875701904	AB	614.0	614.0	614.0	614.0
instancesSurcharges/alpha0_3/pmed/pmed37_4.txt	800	80	15	2	13.745389938354492	AB	715.0	715.0	715.0	715.0
instancesSurcharges/alpha0_3/pmed/pmed37_5.txt	800	80	20	2	18.407515048980713	AB	941.0	941.0	941.0	941.0
instancesSurcharges/alpha0_3/pmed/pmed38_1.txt	900	5	3	2	4.812463045120239	AB	156.58479731409795	156.58479731409795	156.58479731409795	156.58479731409795
instancesSurcharges/alpha0_3/pmed/pmed38_2.txt	900	5	5	2	7.157449960708618	AB	377.5121640566683	377.5121640566683	377.5121640566683	377.5121640566683
instancesSurcharges/alpha0_3/pmed/pmed38_3.txt	900	5	10	2	12.769132852554321	AB	650.1178219939312	650.1178219939312	650.1178219939312	650.1178219939312
instancesSurcharges/alpha0_3/pmed/pmed38_4.txt	900	5	15	9	3600.039144039154	AB	855.9999999999999	inf	789.3080561714708	inf
instancesSurcharges/alpha0_3/pmed/pmed38_5.txt	900	5	20	9	3600.063642978668	AB	872.5454545454545	inf	940.710714285714	inf
instancesSurcharges/alpha0_3/pmed/pmed39_1.txt	900	10	3	2	4.421875	AB	156.74458618251188	156.74458618251188	156.74458618251188	156.74458618251188
instancesSurcharges/alpha0_3/pmed/pmed39_2.txt	900	10	5	2	7.488363981246948	AB	690.0	690.0	690.0	690.0
instancesSurcharges/alpha0_3/pmed/pmed39_3.txt	900	10	10	9	3600.0239300727844	AB	716.0	inf	878.0	inf
instancesSurcharges/alpha0_3/pmed/pmed39_4.txt	900	10	15	9	3600.0705649852753	AB	986.0	inf	1013.0	inf
instancesSurcharges/alpha0_3/pmed/pmed39_5.txt	900	10	20	9	3600.046066045761	AB	693.25	inf	730.0	inf
instancesSurcharges/alpha0_3/pmed/pmed3_1.txt	100	10	3	2	0.031394004821777344	AB	501.0	501.0	501.0	501.0
instancesSurcharges/alpha0_3/pmed/pmed3_2.txt	100	10	5	2	0.06026911735534668	AB	1035.0	1035.0	1035.0	1035.0
instancesSurcharges/alpha0_3/pmed/pmed3_3.txt	100	10	10	2	0.09403085708618164	AB	2108.775236586607	2108.775236586607	2108.775236586607	2108.775236586607
instancesSurcharges/alpha0_3/pmed/pmed3_4.txt	100	10	15	2	0.1107020378112793	AB	3206.760644554549	3206.760644554549	3206.760644554549	3206.760644554549
instancesSurcharges/alpha0_3/pmed/pmed3_5.txt	100	10	20	2	0.15752196311950684	AB	4637.447265518462	4637.447265518462	4637.447265518462	4637.447265518462
instancesSurcharges/alpha0_3/pmed/pmed40_1.txt	900	90	3	2	4.200198173522949	AB	175.0	175.0	175.0	175.0
instancesSurcharges/alpha0_3/pmed/pmed40_2.txt	900	90	5	2	6.551027774810791	AB	240.0	240.0	240.0	240.0
instancesSurcharges/alpha0_3/pmed/pmed40_3.txt	900	90	10	2	12.680739164352417	AB	436.0	436.0	436.0	436.0
instancesSurcharges/alpha0_3/pmed/pmed40_4.txt	900	90	15	2	17.978625059127808	AB	598.0	598.0	598.0	598.0
instancesSurcharges/alpha0_3/pmed/pmed40_5.txt	900	90	20	2	22.618950128555298	AB	895.9999999999999	895.9999999999999	895.9999999999999	895.9999999999999
instancesSurcharges/alpha0_3/pmed/pmed4_1.txt	100	20	3	2	0.03202414512634277	AB	578.0	578.0	578.0	578.0
instancesSurcharges/alpha0_3/pmed/pmed4_2.txt	100	20	5	2	0.04728198051452637	AB	891.0	891.0	891.0	891.0
instancesSurcharges/alpha0_3/pmed/pmed4_3.txt	100	20	10	2	0.07856416702270508	AB	2130.0	2130.0	2130.0	2130.0
instancesSurcharges/alpha0_3/pmed/pmed4_4.txt	100	20	15	2	0.11958503723144531	AB	2897.0	2897.0	2897.0	2897.0
instancesSurcharges/alpha0_3/pmed/pmed4_5.txt	100	20	20	2	0.1629810333251953	AB	3872.0	3872.0	3872.0	3872.0
instancesSurcharges/alpha0_3/pmed/pmed5_1.txt	100	33	3	2	0.03065013885498047	AB	600.0	600.0	600.0	600.0
instancesSurcharges/alpha0_3/pmed/pmed5_2.txt	100	33	5	2	0.04963111877441406	AB	844.0	844.0	844.0	844.0
instancesSurcharges/alpha0_3/pmed/pmed5_3.txt	100	33	10	2	0.07447314262390137	AB	1727.9999999999998	1727.9999999999998	1727.9999999999998	1727.9999999999998
instancesSurcharges/alpha0_3/pmed/pmed5_4.txt	100	33	15	2	0.11559891700744629	AB	2569.0	2569.0	2569.0	2569.0
instancesSurcharges/alpha0_3/pmed/pmed5_5.txt	100	33	20	2	0.1777791976928711	AB	3249.9999999999995	3249.9999999999995	3249.9999999999995	3249.9999999999995
instancesSurcharges/alpha0_3/pmed/pmed6_1.txt	200	5	3	2	0.13591790199279785	AB	429.61411602891957	429.61411602891957	429.61411602891957	429.61411602891957
instancesSurcharges/alpha0_3/pmed/pmed6_2.txt	200	5	5	2	0.2427060604095459	AB	740.2154850428841	740.2154850428841	740.2154850428841	740.2154850428841
instancesSurcharges/alpha0_3/pmed/pmed6_3.txt	200	5	10	2	0.4369628429412842	AB	1533.9795192990346	1533.9795192990346	1533.9795192990346	1533.9795192990346
instancesSurcharges/alpha0_3/pmed/pmed6_4.txt	200	5	15	2	0.6889548301696777	AB	2413.6280989009515	2413.6280989009515	2413.6280989009515	2413.6280989009515
instancesSurcharges/alpha0_3/pmed/pmed6_5.txt	200	5	20	2	0.9643630981445312	AB	3231.0076808625668	3231.0076808625668	3231.0076808625668	3231.0076808625668
instancesSurcharges/alpha0_3/pmed/pmed7_1.txt	200	10	3	2	0.12534689903259277	AB	326.4605000680956	326.4605000680956	326.4605000680956	326.4605000680956
instancesSurcharges/alpha0_3/pmed/pmed7_2.txt	200	10	5	2	0.19867205619812012	AB	571.9355533208263	571.9355533208263	571.9355533208263	571.9355533208263
instancesSurcharges/alpha0_3/pmed/pmed7_3.txt	200	10	10	2	0.44962000846862793	AB	1143.6056187068198	1143.6056187068198	1143.6056187068198	1143.6056187068198
instancesSurcharges/alpha0_3/pmed/pmed7_4.txt	200	10	15	2	0.6250929832458496	AB	1737.2413439263785	1737.2413439263785	1737.2413439263785	1737.2413439263785
instancesSurcharges/alpha0_3/pmed/pmed7_5.txt	200	10	20	2	0.8974618911743164	AB	2566.1747065301665	2566.1747065301665	2566.1747065301665	2566.1747065301665
instancesSurcharges/alpha0_3/pmed/pmed8_1.txt	200	20	3	2	0.1441209316253662	AB	362.0	362.0	362.0	362.0
instancesSurcharges/alpha0_3/pmed/pmed8_2.txt	200	20	5	2	0.22728896141052246	AB	690.0	690.0	690.0	690.0
instancesSurcharges/alpha0_3/pmed/pmed8_3.txt	200	20	10	2	0.41785407066345215	AB	1286.0	1286.0	1286.0	1286.0
instancesSurcharges/alpha0_3/pmed/pmed8_4.txt	200	20	15	2	0.7292039394378662	AB	2349.0	2349.0	2349.0	2349.0
instancesSurcharges/alpha0_3/pmed/pmed8_5.txt	200	20	20	2	0.871488094329834	AB	2502.857742422265	2502.857742422265	2502.857742422265	2502.857742422265
instancesSurcharges/alpha0_3/pmed/pmed9_1.txt	200	40	3	2	0.14519214630126953	AB	429.0	429.0	429.0	429.0
instancesSurcharges/alpha0_3/pmed/pmed9_2.txt	200	40	5	2	0.19534897804260254	AB	691.0	691.0	691.0	691.0
instancesSurcharges/alpha0_3/pmed/pmed9_3.txt	200	40	10	2	0.5203819274902344	AB	1466.0	1466.0	1466.0	1466.0
instancesSurcharges/alpha0_3/pmed/pmed9_4.txt	200	40	15	2	0.6451659202575684	AB	2134.0	2134.0	2134.0	2134.0
instancesSurcharges/alpha0_3/pmed/pmed9_5.txt	200	40	20	2	0.8628699779510498	AB	2725.0	2725.0	2725.0	2725.0
instancesSurcharges/alpha0_3/pmed/pmedTest_1.txt	6	2	3	3	0.00031685829162597656	AB	None	None	None	None
instancesSurcharges/alpha0_3/pmed/pmedTest_2.txt	6	2	5	3	0.001116037368774414	AB	None	None	None	None
instancesSurcharges/alpha0_3/pmed/pmedTest_3.txt	6	2	10	3	0.0005190372467041016	AB	None	None	None	None
instancesSurcharges/alpha0_3/pmed/pmedTest_4.txt	6	2	15	3	0.0008862018585205078	AB	None	None	None	None
instancesSurcharges/alpha0_3/pmed/pmedTest_5.txt	6	2	20	3	0.0002961158752441406	AB	None	None	None	None
